Field;Tank;Reservoir;Date;Qoil;Qwat;Qliq;Qinj;Pres;Source_resp;Pbhp_prod;Pbhp_inj;Source_bhp;Wellwork;Wcut;Total_mobility;Wres;Wbhp_prod;Wbhp_inj;Pres_min;Pres_max
Oilfield;W2;Carbonate;01.01.2017;0;0;0;0;;;;;;;0.595448496;1;;;;;
Oilfield;W2;Carbonate;01.02.2017;0;0;0;0;;;;;;;0.595448496;1;;;;;
Oilfield;W2;Carbonate;01.03.2017;0;0;0;0;;;;;;;0.595448496;1;;;;;
Oilfield;W2;Carbonate;01.04.2017;0;0;0;0;;;;;;;0.595448496;1;;;;;
Oilfield;W2;Carbonate;01.05.2017;0;0;0;0;;;;;;;0.595448496;1;;;;;
Oilfield;W2;Carbonate;01.06.2017;0;0;0;0;;;;;;;0.595448496;1;;;;;
Oilfield;W2;Carbonate;01.07.2017;0;0;0;0;;;;;;;0.595448496;1;;;;;
Oilfield;W2;Carbonate;01.08.2017;0;0;0;0;;;;;;;0.595448496;1;;;;;
Oilfield;W2;Carbonate;01.09.2017;0;0;0;0;;;;;;;0.595448496;1;;;;;
Oilfield;W2;Carbonate;01.10.2017;0;0;0;0;;;;;;;0.595448496;1;;;;;
Oilfield;W2;Carbonate;01.11.2017;0;0;0;0;;;;;;;0.595448496;1;;;;;
Oilfield;W2;Carbonate;01.12.2017;0;0;0;0;;;;;;;0.595448496;1;;;;;
Oilfield;W2;Carbonate;01.01.2018;0;0;0;0;;;;;;;0.595448496;1;;;;;
Oilfield;W2;Carbonate;01.02.2018;0;0;0;0;;;;;;;0.595448496;1;;;;;
Oilfield;W2;Carbonate;01.03.2018;0;0;0;0;;;;;;;0.595448496;1;;;;;
Oilfield;W2;Carbonate;01.04.2018;0;0;0;0;;;;;;;0.595448496;1;;;;;
Oilfield;W2;Carbonate;01.05.2018;0;0;0;0;;;;;;;0.595448496;1;;;;;
Oilfield;W2;Carbonate;01.06.2018;0;0;0;0;;;;;;;0.595448496;1;;;;;
Oilfield;W2;Carbonate;01.07.2018;0;0;0;0;;;;;;;0.595448496;1;;;;;
Oilfield;W2;Carbonate;01.08.2018;0;0;0;0;;;;;;;0.595448496;1;;;;;
Oilfield;W2;Carbonate;01.09.2018;0;0;0;0;;;;;;;0.595448496;1;;;;;
Oilfield;W2;Carbonate;01.10.2018;0;0;0;0;;;;;;;0.595448496;1;;;;;
Oilfield;W2;Carbonate;01.11.2018;0;0;0;0;;;;;;;0.595448496;1;;;;;
Oilfield;W2;Carbonate;01.12.2018;0;0;0;0;;;;;;;0.595448496;1;;;;;
Oilfield;W2;Carbonate;01.01.2019;0;0;0;0;;;;;;;0.595448496;1;;;;;
Oilfield;W2;Carbonate;01.02.2019;0;0;0;0;;;;;;;0.595448496;1;;;;;
Oilfield;W2;Carbonate;01.03.2019;0;0;0;0;;;;;;;0.595448496;1;;;;;
Oilfield;W2;Carbonate;01.04.2019;0;0;0;0;;;;;;;0.595448496;1;;;;;
Oilfield;W2;Carbonate;01.05.2019;0;0;0;0;;;;;;;0.595448496;1;;;;;
Oilfield;W2;Carbonate;01.06.2019;0;0;0;0;;;;;;;0.595448496;1;;;;;
Oilfield;W2;Carbonate;01.07.2019;0;0;0;0;;;;;;;0.595448496;1;;;;;
Oilfield;W2;Carbonate;01.08.2019;0;0;0;0;;;;;;;0.595448496;1;;;;;
Oilfield;W2;Carbonate;01.09.2019;0;0;0;0;;;;;;;0.595448496;1;;;;;
Oilfield;W2;Carbonate;01.10.2019;0;0;0;0;;;;;;;0.595448496;1;;;;;
Oilfield;W2;Carbonate;01.11.2019;0;0;0;0;;;;;;;0.595448496;1;;;;;
Oilfield;W2;Carbonate;01.12.2019;0;0;0;0;;;;;;;0.595448496;1;;;;;
Oilfield;W2;Carbonate;01.01.2020;0;0;0;0;;;;;;;0.595448496;1;;;;;
Oilfield;W2;Carbonate;01.02.2020;0;0;0;0;;;;;;;0.595448496;1;;;;;
Oilfield;W2;Carbonate;01.03.2020;0;0;0;0;;;;;;;0.595448496;1;;;;;
Oilfield;W2;Carbonate;01.04.2020;0;0;0;0;;;;;;;0.595448496;1;;;;;
Oilfield;W2;Carbonate;01.05.2020;0;0;0;0;;;;;;;0.595448496;1;;;;;
Oilfield;W2;Carbonate;01.06.2020;0;0;0;0;;;;;;;0.595448496;1;;;;;
Oilfield;W2;Carbonate;01.07.2020;0;0;0;0;;;;;;;0.595448496;1;;;;;
Oilfield;W2;Carbonate;01.08.2020;1.96116129;2.886580645;4.847741935;0;;;56.0949;;Telemetry;Drilling;0.595448496;1;;1;;59.0949;
Oilfield;W2;Carbonate;01.09.2020;1.063633333;1.7716;2.835233333;0;90.78;Well test;56.355;;Telemetry;;0.62485157;1;1;1;;59.355;
Oilfield;W2;Carbonate;01.10.2020;3.709612903;3.871612903;7.581225806;0;;;61.8885;;Telemetry;;0.510684288;1;;1;;64.8885;
Oilfield;W2;Carbonate;01.11.2020;3.150066667;3.539266667;6.689333333;0;;;59.823;;Telemetry;;0.52909109;1;;1;;62.823;
Oilfield;W2;Carbonate;01.12.2020;3.582967742;3.929032258;7.512;0;;;59.7006;;Telemetry;;0.523034113;1;;1;;62.7006;
Oilfield;W2;Carbonate;01.01.2021;6.535225806;3.456129032;9.991354839;0;;;77.6934;;Telemetry;;0.34591195;1;;1;;80.6934;
Oilfield;W2;Carbonate;01.02.2021;2.253607143;1.474964286;3.728571429;0;;;86.6949;;Telemetry;;0.395584291;1;;1;;89.6949;
Oilfield;W2;Carbonate;01.03.2021;5.874290323;3.588032258;9.462322581;0;;;63.0309;;Telemetry;;0.379191496;1;;1;;66.0309;
Oilfield;W2;Carbonate;01.04.2021;7.602133333;5.090533333;12.69266667;0;;;63.2655;;Telemetry;;0.40106098;1;;1;;66.2655;
Oilfield;W2;Carbonate;01.05.2021;7.674709677;5.290193548;12.96490323;0;;;66.2796;;Telemetry;;0.408039571;1;;1;;69.2796;
Oilfield;W2;Carbonate;01.06.2021;5.4309;4.0942;9.5251;0;103.6;Well test;60.7053;;Telemetry;;0.429832758;1;1;1;;63.7053;
Oilfield;W6;Carbonate;01.01.2017;0;0;0;0;;;;;;;0.447252385;1;;;;;
Oilfield;W6;Carbonate;01.02.2017;0;0;0;0;;;;;;;0.447252385;1;;;;;
Oilfield;W6;Carbonate;01.03.2017;0;0;0;0;;;;;;;0.447252385;1;;;;;
Oilfield;W6;Carbonate;01.04.2017;0;0;0;0;;;;;;;0.447252385;1;;;;;
Oilfield;W6;Carbonate;01.05.2017;0;0;0;0;;;;;;;0.447252385;1;;;;;
Oilfield;W6;Carbonate;01.06.2017;0;0;0;0;;;;;;;0.447252385;1;;;;;
Oilfield;W6;Carbonate;01.07.2017;0;0;0;0;;;;;;;0.447252385;1;;;;;
Oilfield;W6;Carbonate;01.08.2017;0;0;0;0;;;;;;;0.447252385;1;;;;;
Oilfield;W6;Carbonate;01.09.2017;0;0;0;0;;;;;;;0.447252385;1;;;;;
Oilfield;W6;Carbonate;01.10.2017;0;0;0;0;;;;;;;0.447252385;1;;;;;
Oilfield;W6;Carbonate;01.11.2017;0;0;0;0;;;;;;;0.447252385;1;;;;;
Oilfield;W6;Carbonate;01.12.2017;0;0;0;0;;;;;;;0.447252385;1;;;;;
Oilfield;W6;Carbonate;01.01.2018;0;0;0;0;;;;;;;0.447252385;1;;;;;
Oilfield;W6;Carbonate;01.02.2018;0;0;0;0;;;;;;;0.447252385;1;;;;;
Oilfield;W6;Carbonate;01.03.2018;0;0;0;0;;;;;;;0.447252385;1;;;;;
Oilfield;W6;Carbonate;01.04.2018;0;0;0;0;;;;;;;0.447252385;1;;;;;
Oilfield;W6;Carbonate;01.05.2018;0;0;0;0;;;;;;;0.447252385;1;;;;;
Oilfield;W6;Carbonate;01.06.2018;0;0;0;0;;;;;;;0.447252385;1;;;;;
Oilfield;W6;Carbonate;01.07.2018;0;0;0;0;;;;;;;0.447252385;1;;;;;
Oilfield;W6;Carbonate;01.08.2018;0;0;0;0;;;;;;;0.447252385;1;;;;;
Oilfield;W6;Carbonate;01.09.2018;0;0;0;0;;;;;;;0.447252385;1;;;;;
Oilfield;W6;Carbonate;01.10.2018;0;0;0;0;;;;;;;0.447252385;1;;;;;
Oilfield;W6;Carbonate;01.11.2018;0;0;0;0;;;;;;;0.447252385;1;;;;;
Oilfield;W6;Carbonate;01.12.2018;0;0;0;0;;;;;;;0.447252385;1;;;;;
Oilfield;W6;Carbonate;01.01.2019;0;0;0;0;;;;;;;0.447252385;1;;;;;
Oilfield;W6;Carbonate;01.02.2019;0;0;0;0;;;;;;;0.447252385;1;;;;;
Oilfield;W6;Carbonate;01.03.2019;0;0;0;0;;;;;;;0.447252385;1;;;;;
Oilfield;W6;Carbonate;01.04.2019;11.41593333;9.237133333;20.65306667;0;107.4;Well test;45.72825519;;Telemetry;Drilling;0.447252385;1;1;1;;48.72825519;
Oilfield;W6;Carbonate;01.05.2019;25.18435484;9.915322581;35.09967742;0;;;31.56065689;;Telemetry;;0.282490419;1;;1;;34.56065689;
Oilfield;W6;Carbonate;01.06.2019;28.67343333;7.477033333;36.15046667;0;;;26.64295638;;Telemetry;;0.206830894;1;;1;;29.64295638;
Oilfield;W6;Carbonate;01.07.2019;23.97567742;8.249709677;32.2253871;0;;;25.94136156;;Telemetry;;0.256000328;1;;1;;28.94136156;
Oilfield;W6;Carbonate;01.08.2019;22.99941935;8.753709677;31.75312903;0;;;25.62717863;;Telemetry;;0.275680223;1;;1;;28.62717863;
Oilfield;W6;Carbonate;01.09.2019;21.86556667;9.577733333;31.4433;0;;;25.64249047;;Telemetry;;0.304603312;1;;1;;28.64249047;
Oilfield;W6;Carbonate;01.10.2019;13.05235484;4.854290323;17.90664516;0;;;22.89833614;;Telemetry;;0.271088765;1;1;1;;25.89833614;
Oilfield;W6;Carbonate;01.11.2019;0;0;0;0;;;;;;;0.271088765;1;;;;;
Oilfield;W6;Carbonate;01.12.2019;15.399;7.53816129;22.93716129;0;88.74;Well test;25.93188824;;Telemetry;;0.328644037;1;1;1;;28.93188824;
Oilfield;W6;Carbonate;01.01.2020;16.424;8.236;24.66;0;;;24.48175752;;Telemetry;;0.333982157;1;;1;;27.48175752;
Oilfield;W6;Carbonate;01.02.2020;14.21465517;6.011965517;20.22662069;0;;;21.84956692;;Telemetry;;0.297230349;1;;1;;24.84956692;
Oilfield;W6;Carbonate;01.03.2020;19.48658065;6.191645161;25.67822581;0;;;22.61030419;;Telemetry;;0.241124337;1;;1;;25.61030419;
Oilfield;W6;Carbonate;01.04.2020;18.206;5.588733333;23.79473333;0;;;25.64433377;;Telemetry;;0.234872703;1;;1;;28.64433377;
Oilfield;W6;Carbonate;01.05.2020;8.851258065;3.550580645;12.40183871;0;;;35.4479705;;Telemetry;;0.286294696;1;;1;;38.4479705;
Oilfield;W6;Carbonate;01.06.2020;11.2558;5.4155;16.6713;0;;;40.78589893;;Telemetry;;0.324839695;1;;1;;43.78589893;
Oilfield;W6;Carbonate;01.07.2020;1.189516129;0.59116129;1.780677419;0;;;33.45453529;;Telemetry;;0.331986739;1;1;1;;36.45453529;
Oilfield;W6;Carbonate;01.08.2020;4.416290323;5.147935484;9.564225806;0;92.82;Well test;53.49088706;;Telemetry;;0.538249053;1;1;1;;56.49088706;
Oilfield;W6;Carbonate;01.09.2020;10.59366667;8.518266667;19.11193333;0;;;44.55236121;;Telemetry;;0.44570408;1;;1;;47.55236121;
Oilfield;W6;Carbonate;01.10.2020;7.443354839;5.657032258;13.1003871;0;;;44.53305351;;Telemetry;;0.431821763;1;;1;;47.53305351;
Oilfield;W6;Carbonate;01.11.2020;11.77676667;7.669466667;19.44623333;0;;;36.87312214;;Telemetry;;0.39439343;1;;1;;39.87312214;
Oilfield;W6;Carbonate;01.12.2020;9.389483871;5.658935484;15.04841935;0;;;41.87919076;;Telemetry;;0.376048497;1;;1;;44.87919076;
Oilfield;W6;Carbonate;01.01.2021;16.83519355;7.259709677;24.09490323;0;;;47.80050906;;Telemetry;;0.301296486;1;;1;;50.80050906;
Oilfield;W6;Carbonate;01.02.2021;31.45392857;13.43264286;44.88657143;0;;;45.28732801;;Telemetry;;0.299257493;1;;1;;48.28732801;
Oilfield;W6;Carbonate;01.03.2021;29.29470968;11.68722581;40.98193548;0;;;49.5192717;;Telemetry;;0.285179938;1;;1;;52.5192717;
Oilfield;W6;Carbonate;01.04.2021;31.36126667;14.22746667;45.58873333;0;;;33.23631905;;Telemetry;;0.312082956;1;;1;;36.23631905;
Oilfield;W6;Carbonate;01.05.2021;27.0393871;12.89829032;39.93767742;0;;;40.31941533;;Telemetry;;0.322960451;1;;1;;43.31941533;
Oilfield;W6;Carbonate;01.06.2021;24.08846667;13.65756667;37.74603333;0;;;36.6129362;;Telemetry;;0.361827865;1;;1;;120;
Oilfield;W7;Carbonate;01.01.2017;9.161290323;1.483870968;10.64516129;0;;;58.27444444;;Telemetry;;0.139393939;1;;1;;61.27444444;
Oilfield;W7;Carbonate;01.02.2017;23.5;4.75;28.25;0;;;31.958;;Telemetry;;0.168141593;1;;1;;34.958;
Oilfield;W7;Carbonate;01.03.2017;21;3.967741935;24.96774194;0;;;54.584;;Telemetry;;0.158914729;1;;1;;57.584;
Oilfield;W7;Carbonate;01.04.2017;19.36666667;3.133333333;22.5;0;;;57.9;;Telemetry;;0.139259259;1;;1;;60.9;
Oilfield;W7;Carbonate;01.05.2017;19.38709677;3.096774194;22.48387097;0;;;51.302;;Telemetry;;0.137733142;1;;1;;54.302;
Oilfield;W7;Carbonate;01.06.2017;19.83333333;3.433333333;23.26666667;0;;;58.6375;;Telemetry;;0.14756447;1;;1;;61.6375;
Oilfield;W7;Carbonate;01.07.2017;18.93548387;2.870967742;21.80645161;0;;;60.28666667;;Telemetry;;0.131656805;1;;1;;63.28666667;
Oilfield;W7;Carbonate;01.08.2017;8.35483871;1.322580645;9.677419355;0;;;63.95;;Telemetry;;0.136666667;1;;1;;66.95;
Oilfield;W7;Carbonate;01.09.2017;19.96666667;4.133333333;24.1;0;;;57.04666667;;Telemetry;;0.171507607;1;;1;;60.04666667;
Oilfield;W7;Carbonate;01.10.2017;18.19354839;4.903225806;23.09677419;0;;;54.54;;Telemetry;;0.212290503;1;;1;;57.54;
Oilfield;W7;Carbonate;01.11.2017;17.16666667;3.766666667;20.93333333;0;;;58.24;;Telemetry;;0.179936306;1;;1;;61.24;
Oilfield;W7;Carbonate;01.12.2017;16.83870968;3.258064516;20.09677419;0;;;57.435;;Telemetry;;0.16211878;1;;1;;60.435;
Oilfield;W7;Carbonate;01.01.2018;18.06451613;3.225806452;21.29032258;0;;;57.354;;Telemetry;;0.151515152;1;;1;;60.354;
Oilfield;W7;Carbonate;01.02.2018;18.85714286;2.857142857;21.71428571;0;;;58.115;;Telemetry;;0.131578947;1;;1;;61.115;
Oilfield;W7;Carbonate;01.03.2018;15.19354839;2.35483871;17.5483871;0;;;55.195;;Telemetry;;0.134191176;1;;1;;58.195;
Oilfield;W7;Carbonate;01.04.2018;13.96666667;2.1;16.06666667;0;;;57.71;;Telemetry;;0.130705394;1;;1;;60.71;
Oilfield;W7;Carbonate;01.05.2018;11.80645161;2.225806452;14.03225806;0;;;57.515;;Telemetry;;0.15862069;1;;1;;60.515;
Oilfield;W7;Carbonate;01.06.2018;11.83333333;2.933333333;14.76666667;0;;;55.39333333;;Telemetry;;0.198645598;1;;1;;58.39333333;
Oilfield;W7;Carbonate;01.07.2018;11.70967742;3.35483871;15.06451613;0;;;57.3325;;Telemetry;;0.222698073;1;;1;;60.3325;
Oilfield;W7;Carbonate;01.08.2018;11.03225806;3.096774194;14.12903226;0;;;57.22;;Telemetry;;0.219178082;1;;1;;60.22;
Oilfield;W7;Carbonate;01.09.2018;10.06666667;2.733333333;12.8;0;;;59.02;;Telemetry;;0.213541667;1;;1;;62.02;
Oilfield;W7;Carbonate;01.10.2018;12.67741935;5.516129032;18.19354839;0;;;62.57666667;;Telemetry;;0.303191489;1;;1;;65.57666667;
Oilfield;W7;Carbonate;01.11.2018;16.3;6.6;22.9;0;;;71.8335;;Telemetry;;0.288209607;1;;1;;74.8335;
Oilfield;W7;Carbonate;01.12.2018;15.19354839;6.451612903;21.64516129;0;;;71.706;;Telemetry;;0.298062593;1;;1;;74.706;
Oilfield;W7;Carbonate;01.01.2019;15.58741935;5.164870968;20.75229032;0;;;71.2844;;Telemetry;;0.248881973;1;;1;;74.2844;
Oilfield;W7;Carbonate;01.02.2019;15.91596429;4.791857143;20.70782143;0;;;72.0426;;Telemetry;;0.231403248;1;;1;;75.0426;
Oilfield;W7;Carbonate;01.03.2019;15.15535484;4.526387097;19.68174194;0;;;71.80596;;Telemetry;;0.229978988;1;;1;;74.80596;
Oilfield;W7;Carbonate;01.04.2019;14.83446667;4.468166667;19.30263333;0;;;;;;;0.231479643;1;;;;;
Oilfield;W7;Carbonate;01.05.2019;8.190741935;2.828967742;11.01970968;0;;;68.9214;;Telemetry;;0.2567189;1;;1;;71.9214;
Oilfield;W7;Carbonate;01.06.2019;12.1142;3.375933333;15.49013333;0;;;68.9316;;Telemetry;;0.217940883;1;;1;;71.9316;
Oilfield;W7;Carbonate;01.07.2019;3.776677419;1.211129032;4.987806452;0;;;69.315375;;Telemetry;;0.242817969;1;;1;;72.315375;
Oilfield;W7;Carbonate;01.08.2019;2.227806452;2.276935484;4.504741935;0;;;66.3952;;Telemetry;;0.505453035;1;;1;;69.3952;
Oilfield;W7;Carbonate;01.09.2019;5.293566667;4.0459;9.339466667;0;;;63.1431;;Telemetry;;0.433204608;1;;1;;66.1431;
Oilfield;W7;Carbonate;01.10.2019;3.899548387;2.161354839;6.060903226;0;;;61.914;;Telemetry;;0.356606063;1;;1;;64.914;
Oilfield;W7;Carbonate;01.11.2019;3.673333333;1.721333333;5.394666667;0;;;62.6127;;Telemetry;;0.319080573;1;;1;;65.6127;
Oilfield;W7;Carbonate;01.12.2019;3.173806452;1.208387097;4.382193548;0;;;64.3161;;Telemetry;;0.275749367;1;;1;;67.3161;
Oilfield;W7;Carbonate;01.01.2020;3.201290323;1.248580645;4.449870968;0;;;62.5906;;Telemetry;;0.280588056;1;;1;;65.5906;
Oilfield;W7;Carbonate;01.02.2020;2.959551724;1.487827586;4.44737931;0;;;62.679;;Telemetry;;0.334540295;1;;1;;65.679;
Oilfield;W7;Carbonate;01.03.2020;3.410096774;1.746806452;5.156903226;0;;;63.9132;;Telemetry;;0.338731672;1;;1;;66.9132;
Oilfield;W7;Carbonate;01.04.2020;5.011866667;2.414233333;7.4261;0;;;61.81455;;Telemetry;;0.325101107;1;;1;;64.81455;
Oilfield;W7;Carbonate;01.05.2020;3.94716129;1.711225806;5.658387097;0;;;;;;;0.302422895;1;;;;;
Oilfield;W7;Carbonate;01.06.2020;3.29;1.3433;4.6333;0;;;65.79;;Telemetry;;0.289922949;1;;1;;68.79;
Oilfield;W7;Carbonate;01.07.2020;2.730967742;1.055645161;3.786612903;0;;;64.8567;;Telemetry;;0.27878349;1;;1;;67.8567;
Oilfield;W7;Carbonate;01.08.2020;2.725419355;1.53;4.255419355;0;;;68.7582;;Telemetry;;0.359541533;1;;1;;71.7582;
Oilfield;W7;Carbonate;01.09.2020;2.422866667;1.439366667;3.862233333;0;;;63.5664;;Telemetry;;0.372677294;1;;1;;66.5664;
Oilfield;W7;Carbonate;01.10.2020;1.894096774;0.676032258;2.570129032;0;;;74.62065;;Telemetry;;0.263034365;1;;1;;77.62065;
Oilfield;W7;Carbonate;01.11.2020;2.1939;0.768533333;2.962433333;0;;;73.9653;;Telemetry;;0.259426372;1;;1;;76.9653;
Oilfield;W7;Carbonate;01.12.2020;2.812225806;1.016677419;3.828903226;0;;;74.9292;;Telemetry;;0.265527061;1;;1;;77.9292;
Oilfield;W7;Carbonate;01.01.2021;3.18383871;0.736483871;3.920322581;0;;;74.3784;;Telemetry;;0.187863079;1;;1;;77.3784;
Oilfield;W7;Carbonate;01.02.2021;3.049571429;0.926678571;3.97625;0;;;90.066;;Telemetry;;0.233053397;1;;1;;93.066;
Oilfield;W7;Carbonate;01.03.2021;5.580967742;1.567;7.147967742;0;;;;;;;0.219223149;1;;;;;
Oilfield;W7;Carbonate;01.04.2021;3.708;1.282666667;4.990666667;0;;;88.3422;;Telemetry;;0.257013091;1;;1;;91.3422;
Oilfield;W7;Carbonate;01.05.2021;8.008870968;2.995516129;11.0043871;0;;;82.3548;;Telemetry;;0.272211083;1;;1;;85.3548;
Oilfield;W7;Carbonate;01.06.2021;4.803233333;2.280366667;7.0836;0;;;81.09;;Telemetry;;0.321921998;1;;1;;84.09;
Oilfield;W8;Carbonate;01.01.2017;0;0;0;0;;;;;;;0.118110236;1;;;;;
Oilfield;W8;Carbonate;01.02.2017;0;0;0;0;;;;;;;0.118110236;1;;;;;
Oilfield;W8;Carbonate;01.03.2017;0;0;0;0;;;;;;;0.118110236;1;;;;;
Oilfield;W8;Carbonate;01.04.2017;0;0;0;0;;;;;;;0.118110236;1;;;;;
Oilfield;W8;Carbonate;01.05.2017;0;0;0;0;;;;;;;0.118110236;1;;;;;
Oilfield;W8;Carbonate;01.06.2017;0;0;0;0;;;;;;;0.118110236;1;;;;;
Oilfield;W8;Carbonate;01.07.2017;18.06451613;2.419354839;20.48387097;0;;;75.69127898;;Telemetry;;0.118110236;1;;1;;78.69127898;
Oilfield;W8;Carbonate;01.08.2017;40.41935484;5.935483871;46.35483871;0;;;73.76641661;;Telemetry;;0.128044537;1;;1;;76.76641661;
Oilfield;W8;Carbonate;01.09.2017;32.53333333;6.966666667;39.5;0;;;75.09726094;;Telemetry;;0.176371308;1;;1;;78.09726094;
Oilfield;W8;Carbonate;01.10.2017;26.48387097;8.612903226;35.09677419;0;;;74.14721824;;Telemetry;;0.245404412;1;;1;;77.14721824;
Oilfield;W8;Carbonate;01.11.2017;24.73333333;9.366666667;34.1;0;;;70.92329394;;Telemetry;;0.274682307;1;;1;;73.92329394;
Oilfield;W8;Carbonate;01.12.2017;24.03225806;10.19354839;34.22580645;0;;;69.56389611;;Telemetry;;0.297832234;1;;1;;72.56389611;
Oilfield;W8;Carbonate;01.01.2018;22.83870968;9.677419355;32.51612903;0;;;72.39627754;;Telemetry;;0.297619048;1;;1;;75.39627754;
Oilfield;W8;Carbonate;01.02.2018;20.96428571;11.07142857;32.03571429;0;;;69.5163504;;Telemetry;;0.345596433;1;;1;;72.5163504;
Oilfield;W8;Carbonate;01.03.2018;18.96774194;12.51612903;31.48387097;0;;;66.91847933;;Telemetry;;0.397540984;1;;1;;69.91847933;
Oilfield;W8;Carbonate;01.04.2018;17.76666667;13.53333333;31.3;0;;;64.91283222;;Telemetry;;0.432374867;1;;1;;67.91283222;
Oilfield;W8;Carbonate;01.05.2018;13.25806452;13.25806452;26.51612903;0;;;65.7128164;;Telemetry;;0.5;1;;1;;68.7128164;
Oilfield;W8;Carbonate;01.06.2018;14.13333333;13.06666667;27.2;0;;;64.89079438;;Telemetry;;0.480392157;1;;1;;67.89079438;
Oilfield;W8;Carbonate;01.07.2018;14.48387097;14.32258065;28.80645161;0;;;64.67841486;;Telemetry;;0.497200448;1;;1;;67.67841486;
Oilfield;W8;Carbonate;01.08.2018;10.06451613;18;28.06451613;0;;;69.0368704;;Telemetry;;0.64137931;1;;1;;72.0368704;
Oilfield;W8;Carbonate;01.09.2018;10.2;17.7;27.9;0;;;67.5968704;;Telemetry;;0.634408602;1;;1;;70.5968704;
Oilfield;W8;Carbonate;01.10.2018;10.58064516;21.87096774;32.4516129;0;;;67.8868704;;Telemetry;;0.673956262;1;;1;;70.8868704;
Oilfield;W8;Carbonate;01.11.2018;10.83333333;19.53333333;30.36666667;0;;;67.86057196;;Telemetry;;0.643249177;1;;1;;70.86057196;
Oilfield;W8;Carbonate;01.12.2018;10.96774194;19.70967742;30.67741935;0;;;66.75442156;;Telemetry;;0.642481598;1;;1;;69.75442156;
Oilfield;W8;Carbonate;01.01.2019;14.34725806;17.30151613;31.64877419;0;;;60.99758782;;Telemetry;;0.546672551;1;;1;;63.99758782;
Oilfield;W8;Carbonate;01.02.2019;13.16303571;15.28075;28.44378571;0;;;63.18154665;;Telemetry;;0.537226309;1;;1;;66.18154665;
Oilfield;W8;Carbonate;01.03.2019;12.52877419;18.79125806;31.32003226;0;;;64.81857683;;Telemetry;;0.599975693;1;;1;;67.81857683;
Oilfield;W8;Carbonate;01.04.2019;16.184;23.45826667;39.64226667;0;;;63.72959314;;Telemetry;;0.591748874;1;;1;;66.72959314;
Oilfield;W8;Carbonate;01.05.2019;14.2753871;24.6183871;38.89377419;0;;;62.89914268;;Telemetry;;0.632964725;1;;1;;65.89914268;
Oilfield;W8;Carbonate;01.06.2019;11.45396667;16.94993333;28.4039;0;;;62.22020374;;Telemetry;;0.596746691;1;;1;;65.22020374;
Oilfield;W8;Carbonate;01.07.2019;8.465548387;18.43254839;26.89809677;0;;;68.61039391;;Telemetry;;0.685273331;1;;1;;71.61039391;
Oilfield;W8;Carbonate;01.08.2019;5.897387097;21.4523871;27.34977419;0;;;61.8477931;;Telemetry;;0.784371635;1;;1;;64.8477931;
Oilfield;W8;Carbonate;01.09.2019;5.583033333;25.45033333;31.03336667;0;;;61.11244993;;Telemetry;;0.820095789;1;;1;;64.11244993;
Oilfield;W8;Carbonate;01.10.2019;4.316870968;23.521;27.83787097;0;;;64.39753217;;Telemetry;;0.844928121;1;;1;;67.39753217;
Oilfield;W8;Carbonate;01.11.2019;4.4841;22.44136667;26.92546667;0;;;68.2461321;;Telemetry;;0.833462496;1;;1;;71.2461321;
Oilfield;W8;Carbonate;01.12.2019;5.120129032;23.42277419;28.54290323;0;;;68.83347945;;Telemetry;;0.82061639;1;;1;;71.83347945;
Oilfield;W8;Carbonate;01.01.2020;5.482935484;25.77719355;31.26012903;0;;;69.54213329;;Telemetry;;0.824602916;1;;1;;72.54213329;
Oilfield;W8;Carbonate;01.02.2020;0.972394361;7.393181572;8.365575933;0;;;65.0187151;;Telemetry;;0.883762413;1;;1;;68.0187151;
Oilfield;W8;Carbonate;01.03.2020;5.535354839;45.8776129;51.41296774;0;;;64.86324255;;Telemetry;;0.892335434;1;;1;;67.86324255;
Oilfield;W8;Carbonate;01.04.2020;5.2515;37.00793333;42.25943333;0;;;69.50718497;;Telemetry;;0.875731888;1;;1;;72.50718497;
Oilfield;W8;Carbonate;01.05.2020;0;0;0;0;;;70.24600223;;Telemetry;;0.875731888;1;;1;;73.24600223;
Oilfield;W8;Carbonate;01.06.2020;0;0;0;0;;;74.63666188;;Telemetry;;0.875731888;1;;1;;77.63666188;
Oilfield;W8;Carbonate;01.07.2020;0;0;0;0;;;76.8686656;;Telemetry;;0.875731888;1;;1;;79.8686656;
Oilfield;W8;Carbonate;01.08.2020;1.613630802;28.94882485;30.56245565;0;;;75.84437988;;Telemetry;;0.947202188;1;;1;;78.84437988;
Oilfield;W8;Carbonate;01.09.2020;3.002181957;27.66873936;30.67092131;0;;;75.00202781;;Telemetry;;0.902116343;1;;1;;78.00202781;
Oilfield;W8;Carbonate;01.10.2020;3.904701439;26.62982364;30.53452508;0;;;75.58327733;;Telemetry;;0.872121756;1;;1;;78.58327733;
Oilfield;W8;Carbonate;01.11.2020;3.493804984;19.96841392;23.4622189;0;;;76.19757719;;Telemetry;;0.851088041;1;;1;;79.19757719;
Oilfield;W8;Carbonate;01.12.2020;3.756385239;22.40074043;26.15712567;0;;;78.42241236;;Telemetry;;0.856391513;1;;1;;81.42241236;
Oilfield;W8;Carbonate;01.01.2021;4.134628578;20.02230066;24.15692924;0;;;81.36948433;;Telemetry;;0.828842957;1;;1;;84.36948433;
Oilfield;W8;Carbonate;01.02.2021;3.754136958;24.24594319;28.00008015;0;;;81.7669151;;Telemetry;;0.865924064;1;;1;;84.7669151;
Oilfield;W8;Carbonate;01.03.2021;4.352917313;25.60364589;29.95656321;0;;;79.5687151;;Telemetry;;0.854692366;1;;1;;82.5687151;
Oilfield;W8;Carbonate;01.04.2021;5.403145658;32.17713786;37.58028352;0;;;68.98768062;;Telemetry;;0.856223925;1;;1;;71.98768062;
Oilfield;W8;Carbonate;01.05.2021;4.842748763;29.85251052;34.69525928;0;;;75.42804843;;Telemetry;;0.860420448;1;;1;;78.42804843;
Oilfield;W8;Carbonate;01.06.2021;1.7521;11.80743333;13.55953333;0;;;80.23985301;;Telemetry;;0.870784639;1;;1;;83.23985301;
Oilfield;W1;Carbonate;01.01.2017;0;0;0;0;;;;;;;0.336809446;1;;;;;
Oilfield;W1;Carbonate;01.02.2017;0;0;0;0;;;;;;;0.336809446;1;;;;;
Oilfield;W1;Carbonate;01.03.2017;0;0;0;0;;;;;;;0.336809446;1;;;;;
Oilfield;W1;Carbonate;01.04.2017;0;0;0;0;;;;;;;0.336809446;1;;;;;
Oilfield;W1;Carbonate;01.05.2017;0;0;0;0;;;;;;;0.336809446;1;;;;;
Oilfield;W1;Carbonate;01.06.2017;0;0;0;0;;;;;;;0.336809446;1;;;;;
Oilfield;W1;Carbonate;01.07.2017;0;0;0;0;;;;;;;0.336809446;1;;;;;
Oilfield;W1;Carbonate;01.08.2017;0;0;0;0;;;;;;;0.336809446;1;;;;;
Oilfield;W1;Carbonate;01.09.2017;0;0;0;0;;;;;;;0.336809446;1;;;;;
Oilfield;W1;Carbonate;01.10.2017;0;0;0;0;;;;;;;0.336809446;1;;;;;
Oilfield;W1;Carbonate;01.11.2017;0;0;0;0;;;;;;;0.336809446;1;;;;;
Oilfield;W1;Carbonate;01.12.2017;0;0;0;0;;;;;;;0.336809446;1;;;;;
Oilfield;W1;Carbonate;01.01.2018;0;0;0;0;;;;;;;0.336809446;1;;;;;
Oilfield;W1;Carbonate;01.02.2018;0;0;0;0;;;;;;;0.336809446;1;;;;;
Oilfield;W1;Carbonate;01.03.2018;0;0;0;0;;;;;;;0.336809446;1;;;;;
Oilfield;W1;Carbonate;01.04.2018;0;0;0;0;;;;;;;0.336809446;1;;;;;
Oilfield;W1;Carbonate;01.05.2018;0;0;0;0;;;;;;;0.336809446;1;;;;;
Oilfield;W1;Carbonate;01.06.2018;0;0;0;0;;;;;;;0.336809446;1;;;;;
Oilfield;W1;Carbonate;01.07.2018;0;0;0;0;;;;;;;0.336809446;1;;;;;
Oilfield;W1;Carbonate;01.08.2018;0;0;0;0;;;;;;;0.336809446;1;;;;;
Oilfield;W1;Carbonate;01.09.2018;0;0;0;0;;;;;;;0.336809446;1;;;;;
Oilfield;W1;Carbonate;01.10.2018;0;0;0;0;;;;;;;0.336809446;1;;;;;
Oilfield;W1;Carbonate;01.11.2018;0;0;0;0;;;;;;;0.336809446;1;;;;;
Oilfield;W1;Carbonate;01.12.2018;0;0;0;0;;;;;;;0.336809446;1;;;;;
Oilfield;W1;Carbonate;01.01.2019;0;0;0;0;;;;;;;0.336809446;1;;;;;
Oilfield;W1;Carbonate;01.02.2019;0;0;0;0;;;;;;;0.336809446;1;;;;;
Oilfield;W1;Carbonate;01.03.2019;18.99645161;9.647580645;28.64403226;0;142.6;Well test;54.20847403;;Telemetry;;0.336809446;1;1;1;;57.20847403;
Oilfield;W1;Carbonate;01.04.2019;42.69106667;19.53036667;62.22143333;0;;;40.63800259;;Telemetry;;0.313884872;1;;1;;43.63800259;
Oilfield;W1;Carbonate;01.05.2019;39.92483871;16.40832258;56.33316129;0;;;33.04866515;;Telemetry;;0.291272888;1;;1;;36.04866515;
Oilfield;W1;Carbonate;01.06.2019;39.52593333;11.1063;50.63223333;0;;;34.57015303;;Telemetry;;0.219352362;1;;1;;37.57015303;
Oilfield;W1;Carbonate;01.07.2019;34.05096774;11.58358065;45.63454839;0;;;32.86455606;;Telemetry;;0.253833577;1;;1;;35.86455606;
Oilfield;W1;Carbonate;01.08.2019;30.573;12.057;42.63;0;;;32.52653493;;Telemetry;;0.282828994;1;;1;;35.52653493;
Oilfield;W1;Carbonate;01.09.2019;26.73513333;15.0574;41.79253333;0;;;33.53785324;;Telemetry;;0.360289238;1;;1;;36.53785324;
Oilfield;W1;Carbonate;01.10.2019;26.42777419;10.065;36.49277419;0;;;32.63960911;;Telemetry;;0.275808026;1;;1;;35.63960911;
Oilfield;W1;Carbonate;01.11.2019;28.869;11.45373333;40.32273333;0;;;31.15004654;;Telemetry;;0.284051511;1;;1;;34.15004654;
Oilfield;W1;Carbonate;01.12.2019;24.68216129;10.30787097;34.99003226;0;;;31.76721475;;Telemetry;;0.294594497;1;;1;;34.76721475;
Oilfield;W1;Carbonate;01.01.2020;22.14158065;15.95009677;38.09167742;0;;;25.13767431;;Telemetry;;0.418729178;1;;1;;28.13767431;
Oilfield;W1;Carbonate;01.02.2020;23.33431034;20.52375862;43.85806897;0;;;20.96790682;;Telemetry;;0.467958556;1;;1;;23.96790682;
Oilfield;W1;Carbonate;01.03.2020;25.47693548;18.38954839;43.86648387;0;;;17.70731827;;Telemetry;;0.419216376;1;;1;;20.70731827;
Oilfield;W1;Carbonate;01.04.2020;22.89143333;15.84013333;38.73156667;0;;;23.08527156;;Telemetry;;0.408972182;1;;1;;26.08527156;
Oilfield;W1;Carbonate;01.05.2020;19.01596774;14.05454839;33.07051613;0;;;32.76757024;;Telemetry;;0.424987271;1;;1;;35.76757024;
Oilfield;W1;Carbonate;01.06.2020;20.71253333;14.37236667;35.0849;0;;;32.01715268;;Telemetry;;0.409645365;1;;1;;35.01715268;
Oilfield;W1;Carbonate;01.07.2020;18.21874194;12.96051613;31.17925806;0;;;35.18002518;;Telemetry;;0.415677503;1;;1;;38.18002518;
Oilfield;W1;Carbonate;01.08.2020;5.333290323;3.743129032;9.076419355;0;;;35.62135852;;Telemetry;;0.412401508;1;;1;;38.62135852;
Oilfield;W1;Carbonate;01.09.2020;9.1443;11.94263333;21.08693333;0;109.6;Well test;59.5122498;;Telemetry;;0.566352307;1;1;1;;62.5122498;
Oilfield;W1;Carbonate;01.10.2020;20.37274194;14.21483871;34.58758065;0;;;43.83556904;;Telemetry;;0.410981007;1;;1;;46.83556904;
Oilfield;W1;Carbonate;01.11.2020;19.255;13.81503333;33.07003333;0;;;38.68350137;;Telemetry;;0.417750814;1;;1;;41.68350137;
Oilfield;W1;Carbonate;01.12.2020;18.01364516;13.48512903;31.49877419;0;;;39.90469185;;Telemetry;;0.428115994;1;;1;;42.90469185;
Oilfield;W1;Carbonate;01.01.2021;21.54483871;12.18016129;33.725;0;;;43.58135852;;Telemetry;;0.361161195;1;;1;;46.58135852;
Oilfield;W1;Carbonate;01.02.2021;25.05175;18.88860714;43.94035714;0;;;51.58802518;;Telemetry;;0.429869222;1;;1;;54.58802518;
Oilfield;W1;Carbonate;01.03.2021;27.55119355;18.91880645;46.47;0;;;49.67202518;;Telemetry;;0.40711871;1;;1;;52.67202518;
Oilfield;W1;Carbonate;01.04.2021;30.73373333;18.77203333;49.50576667;0;;;31.32116013;;Telemetry;;0.379188822;1;;1;;34.32116013;
Oilfield;W1;Carbonate;01.05.2021;23.30932258;14.73712903;38.04645161;0;;;39.81605668;;Telemetry;;0.387345689;1;;1;;42.81605668;
Oilfield;W1;Carbonate;01.06.2021;15.8508;15.66423333;31.51503333;0;;;42.14433642;;Telemetry;;0.497040037;1;;1;;45.14433642;
Oilfield;W9;Carbonate;01.01.2017;0;0;0;0;;;;;;;0.294043093;1;;;;;
Oilfield;W9;Carbonate;01.02.2017;0;0;0;0;;;;;;;0.294043093;1;;;;;
Oilfield;W9;Carbonate;01.03.2017;0;0;0;0;;;;;;;0.294043093;1;;;;;
Oilfield;W9;Carbonate;01.04.2017;0;0;0;0;;;;;;;0.294043093;1;;;;;
Oilfield;W9;Carbonate;01.05.2017;0;0;0;0;;;;;;;0.294043093;1;;;;;
Oilfield;W9;Carbonate;01.06.2017;0;0;0;0;;;;;;;0.294043093;1;;;;;
Oilfield;W9;Carbonate;01.07.2017;0;0;0;0;;;;;;;0.294043093;1;;;;;
Oilfield;W9;Carbonate;01.08.2017;0;0;0;0;;;;;;;0.294043093;1;;;;;
Oilfield;W9;Carbonate;01.09.2017;0;0;0;0;;;;;;;0.294043093;1;;;;;
Oilfield;W9;Carbonate;01.10.2017;0;0;0;0;;;;;;;0.294043093;1;;;;;
Oilfield;W9;Carbonate;01.11.2017;0;0;0;0;;;;;;;0.294043093;1;;;;;
Oilfield;W9;Carbonate;01.12.2017;0;0;0;0;;;;;;;0.294043093;1;;;;;
Oilfield;W9;Carbonate;01.01.2018;0;0;0;0;;;;;;;0.294043093;1;;;;;
Oilfield;W9;Carbonate;01.02.2018;19.89285714;8.285714286;28.17857143;0;;;108.3583333;;Telemetry;;0.294043093;1;;1;;111.3583333;
Oilfield;W9;Carbonate;01.03.2018;30.96774194;8.967741935;39.93548387;0;;;95.725;;Telemetry;;0.224555735;1;;1;;98.725;
Oilfield;W9;Carbonate;01.04.2018;24.7;9.4;34.1;0;;;89.08333333;;Telemetry;;0.275659824;1;;1;;92.08333333;
Oilfield;W9;Carbonate;01.05.2018;20.38709677;10.12903226;30.51612903;0;;;87.922;;Telemetry;;0.33192389;1;;1;;90.922;
Oilfield;W9;Carbonate;01.06.2018;17.83333333;11.26666667;29.1;0;;;87.8375;;Telemetry;;0.387170676;1;;1;;90.8375;
Oilfield;W9;Carbonate;01.07.2018;16.5483871;9.225806452;25.77419355;0;;;89.542;;Telemetry;;0.357947434;1;;1;;92.542;
Oilfield;W9;Carbonate;01.08.2018;12;13.41935484;25.41935484;0;;;89.05;;Telemetry;;0.527918782;1;;1;;92.05;
Oilfield;W9;Carbonate;01.09.2018;12.6;12.83333333;25.43333333;0;;;92.4525;;Telemetry;;0.504587156;1;;1;;95.4525;
Oilfield;W9;Carbonate;01.10.2018;12.03225806;16.83870968;28.87096774;0;;;93.2675;;Telemetry;;0.583240223;1;;1;;96.2675;
Oilfield;W9;Carbonate;01.11.2018;9.3;18.1;27.4;0;;;93.67666667;;Telemetry;;0.660583942;1;;1;;96.67666667;
Oilfield;W9;Carbonate;01.12.2018;9.290322581;16.19354839;25.48387097;0;;;96.65666667;;Telemetry;;0.635443038;1;;1;;99.65666667;
Oilfield;W9;Carbonate;01.01.2019;8.805419355;15.52016129;24.32558065;0;;;96.09;;Telemetry;;0.638018122;1;;1;;99.09;
Oilfield;W9;Carbonate;01.02.2019;7.780071429;13.5475;21.32757143;0;;;95.91666667;;Telemetry;;0.635210626;1;;1;;98.91666667;
Oilfield;W9;Carbonate;01.03.2019;7.519096774;15.90674194;23.42583871;0;;;96.576;;Telemetry;;0.679025504;1;;1;;99.576;
Oilfield;W9;Carbonate;01.04.2019;6.843066667;14.89303333;21.7361;0;;;97.015;;Telemetry;;0.685175047;1;;1;;100.015;
Oilfield;W9;Carbonate;01.05.2019;5.949741935;13.55896774;19.50870968;0;;;96.565;;Telemetry;;0.695021248;1;;1;;99.565;
Oilfield;W9;Carbonate;01.06.2019;5.731666667;10.97653333;16.7082;0;;;96.8575;;Telemetry;;0.656954868;1;;1;;99.8575;
Oilfield;W9;Carbonate;01.07.2019;4.347096774;9.972612903;14.31970968;0;;;96.435;;Telemetry;;0.696425635;1;;1;;99.435;
Oilfield;W9;Carbonate;01.08.2019;3.332870968;9.999612903;13.33248387;0;;;97.265;;Telemetry;;0.750018751;1;;1;;100.265;
Oilfield;W9;Carbonate;01.09.2019;2.635366667;9.828766667;12.46413333;0;;;96.22;;Telemetry;;0.788563986;1;;1;;99.22;
Oilfield;W9;Carbonate;01.10.2019;2.159935484;6.658903226;8.81883871;0;;;98.145;;Telemetry;;0.755077108;1;;1;;101.145;
Oilfield;W9;Carbonate;01.11.2019;3.0275;8.692066667;11.71956667;0;;;100.09;;Telemetry;;0.741671336;1;;1;;103.09;
Oilfield;W9;Carbonate;01.12.2019;2.394193548;6.703741935;9.097935484;0;;;99.175;;Telemetry;;0.736842105;1;;1;;102.175;
Oilfield;W9;Carbonate;01.01.2020;2.469677419;7.106580645;9.576258065;0;;;98.655;;Telemetry;;0.742104128;1;;1;;101.655;
Oilfield;W9;Carbonate;01.02.2020;1.917206897;9.176310345;11.09351724;0;;;99.58;;Telemetry;;0.827177724;1;;1;;102.58;
Oilfield;W9;Carbonate;01.03.2020;4.30983871;13.30345161;17.61329032;0;;;74.98;;Telemetry;;0.755307576;1;;1;;77.98;
Oilfield;W9;Carbonate;01.04.2020;4.359133333;10.49726667;14.8564;0;;;68.57333333;;Telemetry;;0.706582124;1;;1;;71.57333333;
Oilfield;W9;Carbonate;01.05.2020;3.806;11.12203226;14.92803226;0;;;72.075;;Telemetry;;0.745043423;1;;1;;75.075;
Oilfield;W9;Carbonate;01.06.2020;3.452266667;9.488033333;12.9403;0;;;72.13;;Telemetry;;0.733215871;1;;1;;75.13;
Oilfield;W9;Carbonate;01.07.2020;3.199870968;8.291612903;11.49148387;0;;;69.445;;Telemetry;;0.721544145;1;;1;;72.445;
Oilfield;W9;Carbonate;01.08.2020;3.111387097;8.188548387;11.29993548;0;;;70.325;;Telemetry;;0.724654437;1;;1;;73.325;
Oilfield;W9;Carbonate;01.09.2020;1.333771046;3.854532394;5.188303441;0;;;70.34;;Telemetry;;0.742927325;1;;1;;73.34;
Oilfield;W9;Carbonate;01.10.2020;1.122687203;3.990988738;5.113675941;0;;;71.745;;Telemetry;;0.780453979;1;;1;;74.745;
Oilfield;W9;Carbonate;01.11.2020;0.505140176;1.650459673;2.155599849;0;;;71.975;;Telemetry;;0.765661435;1;;1;;74.975;
Oilfield;W9;Carbonate;01.12.2020;0.46681536;1.505808731;1.972624091;0;;;80.50666667;;Telemetry;;0.763353108;1;;1;;83.50666667;
Oilfield;W9;Carbonate;01.01.2021;0.684394732;1.472996361;2.157391093;0;;;79.29;;Telemetry;;0.682767425;1;;1;;82.29;
Oilfield;W9;Carbonate;01.02.2021;0.678758134;2.224889043;2.903647177;0;;;;;;;0.766239459;1;;;;;
Oilfield;W9;Carbonate;01.03.2021;0.663997743;2.117320418;2.781318161;0;;;87.82;;Telemetry;;0.761265089;1;;1;;90.82;
Oilfield;W9;Carbonate;01.04.2021;1.171222451;3.781293448;4.9525159;0;;;80.81571429;;Telemetry;;0.763509603;1;;1;;83.81571429;
Oilfield;W9;Carbonate;01.05.2021;1.056766164;3.531545684;4.588311848;0;;;75.89333333;;Telemetry;;0.769683012;1;;1;;78.89333333;
Oilfield;W9;Carbonate;01.06.2021;0.763691127;2.838648097;3.602339224;0;;;76.94;;Telemetry;;0.788001329;1;;1;;79.94;
Oilfield;W3;Carbonate;01.01.2017;0;0;0;0;;;;;;;0.384512084;1;;;;;
Oilfield;W3;Carbonate;01.02.2017;0;0;0;0;;;;;;;0.384512084;1;;;;;
Oilfield;W3;Carbonate;01.03.2017;0;0;0;0;;;;;;;0.384512084;1;;;;;
Oilfield;W3;Carbonate;01.04.2017;0;0;0;0;;;;;;;0.384512084;1;;;;;
Oilfield;W3;Carbonate;01.05.2017;0;0;0;0;;;;;;;0.384512084;1;;;;;
Oilfield;W3;Carbonate;01.06.2017;0;0;0;0;;;;;;;0.384512084;1;;;;;
Oilfield;W3;Carbonate;01.07.2017;0;0;0;0;;;;;;;0.384512084;1;;;;;
Oilfield;W3;Carbonate;01.08.2017;0;0;0;0;;;;;;;0.384512084;1;;;;;
Oilfield;W3;Carbonate;01.09.2017;0;0;0;0;;;;;;;0.384512084;1;;;;;
Oilfield;W3;Carbonate;01.10.2017;0;0;0;0;;;;;;;0.384512084;1;;;;;
Oilfield;W3;Carbonate;01.11.2017;0;0;0;0;;;;;;;0.384512084;1;;;;;
Oilfield;W3;Carbonate;01.12.2017;0;0;0;0;;;;;;;0.384512084;1;;;;;
Oilfield;W3;Carbonate;01.01.2018;0;0;0;0;;;;;;;0.384512084;1;;;;;
Oilfield;W3;Carbonate;01.02.2018;0;0;0;0;;;;;;;0.384512084;1;;;;;
Oilfield;W3;Carbonate;01.03.2018;0;0;0;0;;;;;;;0.384512084;1;;;;;
Oilfield;W3;Carbonate;01.04.2018;0;0;0;0;;;;;;;0.384512084;1;;;;;
Oilfield;W3;Carbonate;01.05.2018;0;0;0;0;;;;;;;0.384512084;1;;;;;
Oilfield;W3;Carbonate;01.06.2018;0;0;0;0;;;;;;;0.384512084;1;;;;;
Oilfield;W3;Carbonate;01.07.2018;0;0;0;0;;;;;;;0.384512084;1;;;;;
Oilfield;W3;Carbonate;01.08.2018;0;0;0;0;;;;;;;0.384512084;1;;;;;
Oilfield;W3;Carbonate;01.09.2018;0;0;0;0;;;;;;;0.384512084;1;;;;;
Oilfield;W3;Carbonate;01.10.2018;0;0;0;0;;;;;;;0.384512084;1;;;;;
Oilfield;W3;Carbonate;01.11.2018;0;0;0;0;;;;;;;0.384512084;1;;;;;
Oilfield;W3;Carbonate;01.12.2018;0;0;0;0;;;;;;;0.384512084;1;;;;;
Oilfield;W3;Carbonate;01.01.2019;0;0;0;0;;;;;;;0.384512084;1;;;;;
Oilfield;W3;Carbonate;01.02.2019;0;0;0;0;;;;;;;0.384512084;1;;;;;
Oilfield;W3;Carbonate;01.03.2019;0;0;0;0;;;;;;;0.384512084;1;;;;;
Oilfield;W3;Carbonate;01.04.2019;0;0;0;0;;;;;;;0.384512084;1;;;;;
Oilfield;W3;Carbonate;01.05.2019;0;0;0;0;;;;;;;0.384512084;1;;;;;
Oilfield;W3;Carbonate;01.06.2019;17.3552;10.84226667;28.19746667;0;;;36.06269681;;Telemetry;Drilling;0.384512084;1;;1;;39.06269681;
Oilfield;W3;Carbonate;01.07.2019;18.32951613;10.7686129;29.09812903;0;;;35.12932955;;Telemetry;;0.37007922;1;;1;;38.12932955;
Oilfield;W3;Carbonate;01.08.2019;17.84258065;9.672645161;27.51522581;0;;;35.2562618;;Telemetry;;0.351537917;1;;1;;38.2562618;
Oilfield;W3;Carbonate;01.09.2019;15.4973;11.70213333;27.19943333;0;;;33.73594614;;Telemetry;;0.430234453;1;;1;;36.73594614;
Oilfield;W3;Carbonate;01.10.2019;10.75235484;10.59748387;21.34983871;0;;;34.2314367;;Telemetry;;0.496373018;1;;1;;37.2314367;
Oilfield;W3;Carbonate;01.11.2019;12.57706667;8.7158;21.29286667;0;;;29.23999936;;Telemetry;;0.409329572;1;;1;;32.23999936;
Oilfield;W3;Carbonate;01.12.2019;7.292451613;10.59270968;17.88516129;0;;;28.83573256;;Telemetry;;0.592262463;1;;1;;31.83573256;
Oilfield;W3;Carbonate;01.01.2020;6.837032258;11.99974194;18.83677419;0;;;30.83774792;;Telemetry;;0.637038052;1;;1;;33.83774792;
Oilfield;W3;Carbonate;01.02.2020;5.514862069;12.47586207;17.99072414;0;;;27.84864204;;Telemetry;;0.693460806;1;;1;;30.84864204;
Oilfield;W3;Carbonate;01.03.2020;7.486451613;13.42283871;20.90929032;0;;;26.94719002;;Telemetry;;0.641955729;1;;1;;29.94719002;
Oilfield;W3;Carbonate;01.04.2020;6.633933333;11.3187;17.95263333;0;;;31.16342311;;Telemetry;;0.630475752;1;;1;;34.16342311;
Oilfield;W3;Carbonate;01.05.2020;3.500451613;8.309870968;11.81032258;0;;;44.47877273;;Telemetry;;0.703610838;1;;1;;47.47877273;
Oilfield;W3;Carbonate;01.06.2020;3.930066667;8.5646;12.49466667;0;;;40.91792757;;Telemetry;;0.685460463;1;;1;;43.91792757;
Oilfield;W3;Carbonate;01.07.2020;3.830580645;8.622741935;12.45332258;0;;;40.83099575;;Telemetry;;0.692404929;1;;1;;43.83099575;
Oilfield;W3;Carbonate;01.08.2020;3.489387097;7.420580645;10.90996774;0;;;41.43167944;;Telemetry;;0.680165223;1;;1;;44.43167944;
Oilfield;W3;Carbonate;01.09.2020;2.7261;6.1064;8.8325;0;;;43.48067944;;Telemetry;;0.691355788;1;;1;;46.48067944;
Oilfield;W3;Carbonate;01.10.2020;2.767774194;6.084064516;8.85183871;0;;;46.00330139;;Telemetry;;0.687322116;1;;1;;49.00330139;
Oilfield;W3;Carbonate;01.11.2020;0.038341186;0.091290289;0.129631475;0;;;45.81303428;;Telemetry;;0.704229344;1;;1;;48.81303428;
Oilfield;W3;Carbonate;01.12.2020;0;0;0;98.22580645;;;;187.38216;;;0.704229344;1;;;1;;184.38216
Oilfield;W3;Carbonate;01.01.2021;0;0;0;105;;;;191.1174;;;0.704229344;1;;;1;;188.1174
Oilfield;W3;Carbonate;01.02.2021;0;0;0;63.75;;;;204.5355;;;0.704229344;1;;;1;;201.5355
Oilfield;W3;Carbonate;01.03.2021;0;0;0;94.83870968;;;;186.7824;;;0.704229344;1;;;1;;183.7824
Oilfield;W3;Carbonate;01.04.2021;0;0;0;105;;;;187.4488;;;0.704229344;1;;;1;;184.4488
Oilfield;W3;Carbonate;01.05.2021;0;0;0;105;;;;188.2818;;;0.704229344;1;;;1;;185.2818
Oilfield;W3;Carbonate;01.06.2021;0;0;0;105;;;;188.15685;;;0.704229344;1;;;1;;185.15685
Oilfield;W4;Carbonate;01.01.2017;0;0;0;0;;;;;;;0.810884338;1;;;;;
Oilfield;W4;Carbonate;01.02.2017;0;0;0;0;;;;;;;0.810884338;1;;;;;
Oilfield;W4;Carbonate;01.03.2017;0;0;0;0;;;;;;;0.810884338;1;;;;;
Oilfield;W4;Carbonate;01.04.2017;0;0;0;0;;;;;;;0.810884338;1;;;;;
Oilfield;W4;Carbonate;01.05.2017;0;0;0;0;;;;;;;0.810884338;1;;;;;
Oilfield;W4;Carbonate;01.06.2017;0;0;0;0;;;;;;;0.810884338;1;;;;;
Oilfield;W4;Carbonate;01.07.2017;0;0;0;0;;;;;;;0.810884338;1;;;;;
Oilfield;W4;Carbonate;01.08.2017;0;0;0;0;;;;;;;0.810884338;1;;;;;
Oilfield;W4;Carbonate;01.09.2017;0;0;0;0;;;;;;;0.810884338;1;;;;;
Oilfield;W4;Carbonate;01.10.2017;0;0;0;0;;;;;;;0.810884338;1;;;;;
Oilfield;W4;Carbonate;01.11.2017;0;0;0;0;;;;;;;0.810884338;1;;;;;
Oilfield;W4;Carbonate;01.12.2017;0;0;0;0;;;;;;;0.810884338;1;;;;;
Oilfield;W4;Carbonate;01.01.2018;0;0;0;0;;;;;;;0.810884338;1;;;;;
Oilfield;W4;Carbonate;01.02.2018;0;0;0;0;;;;;;;0.810884338;1;;;;;
Oilfield;W4;Carbonate;01.03.2018;0;0;0;0;;;;;;;0.810884338;1;;;;;
Oilfield;W4;Carbonate;01.04.2018;0;0;0;0;;;;;;;0.810884338;1;;;;;
Oilfield;W4;Carbonate;01.05.2018;0;0;0;0;;;;;;;0.810884338;1;;;;;
Oilfield;W4;Carbonate;01.06.2018;0;0;0;0;;;;;;;0.810884338;1;;;;;
Oilfield;W4;Carbonate;01.07.2018;0;0;0;0;;;;;;;0.810884338;1;;;;;
Oilfield;W4;Carbonate;01.08.2018;0;0;0;0;;;;;;;0.810884338;1;;;;;
Oilfield;W4;Carbonate;01.09.2018;0;0;0;0;;;;;;;0.810884338;1;;;;;
Oilfield;W4;Carbonate;01.10.2018;0;0;0;0;;;;;;;0.810884338;1;;;;;
Oilfield;W4;Carbonate;01.11.2018;0;0;0;0;;;;;;;0.810884338;1;;;;;
Oilfield;W4;Carbonate;01.12.2018;0;0;0;0;;;;;;;0.810884338;1;;;;;
Oilfield;W4;Carbonate;01.01.2019;0;0;0;0;;;;;;;0.810884338;1;;;;;
Oilfield;W4;Carbonate;01.02.2019;0;0;0;0;;;;;;;0.810884338;1;;;;;
Oilfield;W4;Carbonate;01.03.2019;0;0;0;0;;;;;;;0.810884338;1;;;;;
Oilfield;W4;Carbonate;01.04.2019;0;0;0;0;;;;;;;0.810884338;1;;;;;
Oilfield;W4;Carbonate;01.05.2019;0;0;0;0;;;;;;;0.810884338;1;;;;;
Oilfield;W4;Carbonate;01.06.2019;0;0;0;0;;;;;;;0.810884338;1;;;;;
Oilfield;W4;Carbonate;01.07.2019;0;0;0;0;;;;;;;0.810884338;1;;;;;
Oilfield;W4;Carbonate;01.08.2019;0;0;0;0;;;;;;;0.810884338;1;;;;;
Oilfield;W4;Carbonate;01.09.2019;0;0;0;0;;;;;;;0.810884338;1;;;;;
Oilfield;W4;Carbonate;01.10.2019;0;0;0;0;;;;;;;0.810884338;1;;;;;
Oilfield;W4;Carbonate;01.11.2019;0;0;0;0;;;;;;;0.810884338;1;;;;;
Oilfield;W4;Carbonate;01.12.2019;0;0;0;0;;;;;;;0.810884338;1;;;;;
Oilfield;W4;Carbonate;01.01.2020;0;0;0;0;;;;;;;0.810884338;1;;;;;
Oilfield;W4;Carbonate;01.02.2020;0;0;0;0;;;;;;;0.810884338;1;;;;;
Oilfield;W4;Carbonate;01.03.2020;0;0;0;0;;;;;;;0.810884338;1;;;;;
Oilfield;W4;Carbonate;01.04.2020;0;0;0;0;;;;;;;0.810884338;1;;;;;
Oilfield;W4;Carbonate;01.05.2020;0;0;0;0;76;Well test;;;;;0.810884338;1;1;;;;
Oilfield;W4;Carbonate;01.06.2020;0;0;0;0;;;;;;;0.810884338;1;;;;;
Oilfield;W4;Carbonate;01.07.2020;0;0;0;0;;;;;;;0.810884338;1;;;;;
Oilfield;W4;Carbonate;01.08.2020;1.040483871;4.461354839;5.50183871;0;;;51.6154;;Telemetry;Drilling;0.810884338;1;;1;;54.6154;
Oilfield;W4;Carbonate;01.09.2020;0.911266667;3.522033333;4.4333;0;74.46;Well test;49.6672;;Telemetry;;0.794449582;1;1;1;;52.6672;
Oilfield;W4;Carbonate;01.10.2020;1.905935484;6.290290323;8.196225806;0;;;56.6253;;Telemetry;;0.767461814;1;;1;;59.6253;
Oilfield;W4;Carbonate;01.11.2020;1.666766667;5.731633333;7.3984;0;;;55.692;;Telemetry;;0.77471255;1;;1;;58.692;
Oilfield;W4;Carbonate;01.12.2020;1.595483871;11.03319355;12.62867742;0;;;71.6958;;Telemetry;;0.87366184;1;;1;;74.6958;
Oilfield;W4;Carbonate;01.01.2021;0.570225806;23.28545161;23.85567742;0;;;86.6898;;Telemetry;;0.976096851;1;;1;;89.6898;
Oilfield;W4;Carbonate;01.02.2021;0.397214286;28.21817857;28.61539286;0;;;104.5364;;Telemetry;;0.98611886;1;;1;;107.5364;
Oilfield;W4;Carbonate;01.03.2021;0.313225806;23.82403226;24.13725806;0;;;139.5666;;Telemetry;;0.987023141;1;;1;;142.5666;
Oilfield;W4;Carbonate;01.04.2021;0.2785;17.2487;17.5272;0;;;143.6092;;Telemetry;;0.984110411;1;;1;;146.6092;
Oilfield;W4;Carbonate;01.05.2021;0.765;30.52783871;31.29283871;0;;;50.3676;;Telemetry;;0.975553512;1;;1;;53.3676;
Oilfield;W4;Carbonate;01.06.2021;1.226066667;125.1348;126.3608667;0;;;36.2202;;Telemetry;;0.990297101;1;;1;;39.2202;
Oilfield;W5;Carbonate;01.01.2017;0;0;0;0;;;;;;;0.917844016;1;;;;;
Oilfield;W5;Carbonate;01.02.2017;0;0;0;0;;;;;;;0.917844016;1;;;;;
Oilfield;W5;Carbonate;01.03.2017;0;0;0;0;;;;;;;0.917844016;1;;;;;
Oilfield;W5;Carbonate;01.04.2017;0;0;0;0;;;;;;;0.917844016;1;;;;;
Oilfield;W5;Carbonate;01.05.2017;0;0;0;0;;;;;;;0.917844016;1;;;;;
Oilfield;W5;Carbonate;01.06.2017;0;0;0;0;;;;;;;0.917844016;1;;;;;
Oilfield;W5;Carbonate;01.07.2017;0;0;0;0;;;;;;;0.917844016;1;;;;;
Oilfield;W5;Carbonate;01.08.2017;0;0;0;0;;;;;;;0.917844016;1;;;;;
Oilfield;W5;Carbonate;01.09.2017;0;0;0;0;;;;;;;0.917844016;1;;;;;
Oilfield;W5;Carbonate;01.10.2017;0;0;0;0;;;;;;;0.917844016;1;;;;;
Oilfield;W5;Carbonate;01.11.2017;0;0;0;0;;;;;;;0.917844016;1;;;;;
Oilfield;W5;Carbonate;01.12.2017;0;0;0;0;;;;;;;0.917844016;1;;;;;
Oilfield;W5;Carbonate;01.01.2018;0;0;0;0;;;;;;;0.917844016;1;;;;;
Oilfield;W5;Carbonate;01.02.2018;0;0;0;0;;;;;;;0.917844016;1;;;;;
Oilfield;W5;Carbonate;01.03.2018;0;0;0;0;;;;;;;0.917844016;1;;;;;
Oilfield;W5;Carbonate;01.04.2018;0;0;0;0;;;;;;;0.917844016;1;;;;;
Oilfield;W5;Carbonate;01.05.2018;0;0;0;0;;;;;;;0.917844016;1;;;;;
Oilfield;W5;Carbonate;01.06.2018;0;0;0;0;;;;;;;0.917844016;1;;;;;
Oilfield;W5;Carbonate;01.07.2018;0;0;0;0;;;;;;;0.917844016;1;;;;;
Oilfield;W5;Carbonate;01.08.2018;0;0;0;0;;;;;;;0.917844016;1;;;;;
Oilfield;W5;Carbonate;01.09.2018;0;0;0;0;;;;;;;0.917844016;1;;;;;
Oilfield;W5;Carbonate;01.10.2018;0;0;0;0;;;;;;;0.917844016;1;;;;;
Oilfield;W5;Carbonate;01.11.2018;0;0;0;0;;;;;;;0.917844016;1;;;;;
Oilfield;W5;Carbonate;01.12.2018;0;0;0;0;;;;;;;0.917844016;1;;;;;
Oilfield;W5;Carbonate;01.01.2019;0;0;0;0;;;;;;;0.917844016;1;;;;;
Oilfield;W5;Carbonate;01.02.2019;0;0;0;0;;;;;;;0.917844016;1;;;;;
Oilfield;W5;Carbonate;01.03.2019;0;0;0;0;;;;;;;0.917844016;1;;;;;
Oilfield;W5;Carbonate;01.04.2019;0;0;0;0;;;;;;;0.917844016;1;;;;;
Oilfield;W5;Carbonate;01.05.2019;0;0;0;0;;;;;;;0.917844016;1;;;;;
Oilfield;W5;Carbonate;01.06.2019;0;0;0;0;;;;;;;0.917844016;1;;;;;
Oilfield;W5;Carbonate;01.07.2019;0;0;0;0;;;;;;;0.917844016;1;;;;;
Oilfield;W5;Carbonate;01.08.2019;0;0;0;0;;;;;;;0.917844016;1;;;;;
Oilfield;W5;Carbonate;01.09.2019;3.5904;40.11183333;43.70223333;0;;;52.3028804;;Telemetry;Drilling;0.917844016;1;;1;;55.3028804;
Oilfield;W5;Carbonate;01.10.2019;7.985258065;61.843;69.82825806;0;;;44.94471141;;Telemetry;;0.885644318;1;;1;;47.94471141;
Oilfield;W5;Carbonate;01.11.2019;6.8806;51.963;58.8436;0;;;44.23724278;;Telemetry;;0.883069697;1;;1;;47.23724278;
Oilfield;W5;Carbonate;01.12.2019;5.354225806;45.286;50.64022581;0;;;45.93072105;;Telemetry;;0.894269314;1;;1;;48.93072105;
Oilfield;W5;Carbonate;01.01.2020;5.197516129;49.20470968;54.40222581;0;;;44.03594319;;Telemetry;;0.904461333;1;;1;;47.03594319;
Oilfield;W5;Carbonate;01.02.2020;0;0;0;0;;;;;;;0.904461333;1;;;;;
Oilfield;W5;Carbonate;01.03.2020;0.092096774;0.501483871;0.593580645;0;;;;;;Cementing;0.844845389;1;;;;;
Oilfield;W5;Carbonate;01.04.2020;3.242866667;12.17583333;15.4187;0;;;47.03832;;Telemetry;;0.789679631;1;;1;;50.03832;
Oilfield;W5;Carbonate;01.05.2020;3.223193548;11.28348387;14.50667742;0;;;;;;;0.777813109;1;;;;;
Oilfield;W5;Carbonate;01.06.2020;3.120166667;10.50846667;13.62863333;0;;;50.898;;Telemetry;;0.771057993;1;;1;;53.898;
Oilfield;W5;Carbonate;01.07.2020;2.949612903;10.26119355;13.21080645;0;;;51.13005;;Telemetry;;0.776727264;1;;1;;54.13005;
Oilfield;W5;Carbonate;01.08.2020;2.051677419;7.102290323;9.153967742;0;;;51.0918;;Telemetry;;0.77587015;1;;1;;54.0918;
Oilfield;W5;Carbonate;01.09.2020;1.825933333;6.268133333;8.094066667;0;;;51.86955;;Telemetry;;0.774410885;1;;1;;54.86955;
Oilfield;W5;Carbonate;01.10.2020;1.915193548;7.144645161;9.05983871;0;;;55.1854;;Telemetry;;0.78860622;1;;1;;58.1854;
Oilfield;W5;Carbonate;01.11.2020;1.633466667;6.413133333;8.0466;0;;;55.7532;;Telemetry;;0.796999147;1;;1;;58.7532;
Oilfield;W5;Carbonate;01.12.2020;0.094612903;0.387548387;0.48216129;34.87096774;;;;143.5174;;;0.803773332;1;;;1;;140.5174
Oilfield;W5;Carbonate;01.01.2021;0;0;0;54;;;;186.762;;;0.803773332;1;;;1;;183.762
Oilfield;W5;Carbonate;01.02.2021;0;0;0;23.14285714;;;;186.762;;;0.803773332;1;;;1;;183.762
Oilfield;W5;Carbonate;01.03.2021;0;0;0;44.80645161;;;;187.16184;;;0.803773332;1;;;1;;184.16184
Oilfield;W5;Carbonate;01.04.2021;0;0;0;54;;;;187.7616;;;0.803773332;1;;;1;;184.7616
Oilfield;W5;Carbonate;01.05.2021;0;0;0;45.5483871;;;;187.7616;;;0.803773332;1;;;1;;184.7616
Oilfield;W5;Carbonate;01.06.2021;0;0;0;53.83333333;;;;187.7616;;;0.803773332;1;;;1;;184.7616
Oilfield;W2;Carbonate;01.12.2016;0;0;0;0;;;;;;;0.595448496;1;;;;;
Oilfield;W2;Carbonate;01.07.2021;5.197967742;4.810516129;10.00848387;0;;;80.5494;;Telemetry;;0.480643841;1;;1;;83.5494;
Oilfield;W2;Carbonate;01.08.2021;6.485903226;5.21783871;11.70374194;0;;;58.7571;;Telemetry;;0.445826535;1;;1;;61.7571;
Oilfield;W2;Carbonate;01.09.2021;5.127566667;6.678166667;11.80573333;0;;;58.6398;;Telemetry;;0.565671482;1;;1;;61.6398;
Oilfield;W2;Carbonate;01.10.2021;5.118870968;7.395354839;12.51422581;0;;;60.5302;;Telemetry;;0.590955841;1;;1;;63.5302;
Oilfield;W2;Carbonate;01.11.2021;6.1769;9.149133333;15.32603333;0;;;65.3616;;Telemetry;Perforation;0.596966817;1;;1;;68.3616;
Oilfield;W2;Carbonate;01.12.2021;13.60767742;12.58432258;26.192;0;;;51.8568;;Telemetry;;0.480464362;1;;1;;54.8568;
Oilfield;W6;Carbonate;01.12.2016;0;0;0;0;;;;;;;0.447252385;1;;;;;
Oilfield;W6;Carbonate;01.07.2021;24.42967742;13.88767742;38.31735484;0;;;42.636;;Telemetry;;0.362438312;1;;1;;45.636;
Oilfield;W6;Carbonate;01.08.2021;22.3513871;14.63509677;36.98648387;0;;;28.08128;;Telemetry;;0.395687701;1;;1;;31.08128;
Oilfield;W6;Carbonate;01.09.2021;19.4424;13.73226667;33.17466667;0;;;27.2952;;Telemetry;;0.413938347;1;;1;;30.2952;
Oilfield;W6;Carbonate;01.10.2021;0;0;0;0;;;;;;;0.413938347;1;;;;;
Oilfield;W6;Carbonate;01.11.2021;11.90176667;10.269;22.17076667;0;;;25.95135;;Telemetry;;0.463177487;1;;1;;28.95135;
Oilfield;W6;Carbonate;01.12.2021;2.451548387;1.822677419;4.274225806;0;;;22.98825;;Telemetry;;0.426434517;1;;1;;25.98825;
Oilfield;W7;Carbonate;01.12.2016;0;0;0;0;;;;;;;0.139393939;1;;;;;
Oilfield;W7;Carbonate;01.07.2021;4.635;2.140516129;6.775516129;0;;;79.5124;;Telemetry;;0.315919273;1;;1;;82.5124;
Oilfield;W7;Carbonate;01.08.2021;5.137709677;2.263741935;7.401451613;0;;;73.7817;;Telemetry;;0.305851075;1;;1;;76.7817;
Oilfield;W7;Carbonate;01.09.2021;6.759066667;2.7981;9.557166667;0;;;70.0281;;Telemetry;;0.292775055;1;;1;;73.0281;
Oilfield;W7;Carbonate;01.10.2021;7.50183871;3.061096774;10.56293548;0;;;63.6684;;Telemetry;;0.289796031;1;;1;;66.6684;
Oilfield;W7;Carbonate;01.11.2021;9.398033333;5.269566667;14.6676;0;;;72.7022;;Telemetry;;0.359265774;1;;1;;75.7022;
Oilfield;W7;Carbonate;01.12.2021;10.00396774;9.049354839;19.05332258;0;;;68.442;;Telemetry;;0.474948912;1;;1;;71.442;
Oilfield;W8;Carbonate;01.12.2016;0;0;0;0;;;;;;;0.118110236;1;;;;;
Oilfield;W8;Carbonate;01.07.2021;6.327935484;37.84854839;44.17648387;0;;;80.85795;;Telemetry;;0.856757828;1;;1;;83.85795;
Oilfield;W8;Carbonate;01.08.2021;7.375903226;40.22396774;47.59987097;0;;;66.77464;;Telemetry;;0.84504363;1;;1;;69.77464;
Oilfield;W8;Carbonate;01.09.2021;9.099533333;40.5451;49.64463333;0;;;60.647925;;Telemetry;;0.816706606;1;;1;;63.647925;
Oilfield;W8;Carbonate;01.10.2021;8.66783871;38.05196774;46.71980645;0;;;62.47245;;Telemetry;;0.814471862;1;;1;;65.47245;
Oilfield;W8;Carbonate;01.11.2021;8.8865;40.30513333;49.19163333;0;;;62.3628;;Telemetry;;0.819349361;1;;1;;65.3628;
Oilfield;W8;Carbonate;01.12.2021;6.517935484;37.92132258;44.43925806;0;;;63.0496;;Telemetry;;0.853329336;1;;1;;66.0496;
Oilfield;W1;Carbonate;01.12.2016;0;0;0;0;;;;;;;0.336809446;1;;;;;
Oilfield;W1;Carbonate;01.07.2021;26.26170968;18.30135484;44.56306452;0;;;37.07972;;Telemetry;;0.410684387;1;;1;;40.07972;
Oilfield;W1;Carbonate;01.08.2021;26.92622581;21.73532258;48.66154839;0;;;24.5307;;Telemetry;;0.446663193;1;;1;;27.5307;
Oilfield;W1;Carbonate;01.09.2021;26.1041;23.32456667;49.42866667;0;;;17.59398;;Telemetry;;0.471883388;1;;1;;20.59398;
Oilfield;W1;Carbonate;01.10.2021;25.75803226;22.67596774;48.434;0;;;17.36457273;;Telemetry;;0.468182841;1;;1;;20.36457273;
Oilfield;W1;Carbonate;01.11.2021;23.93423333;21.5134;45.44763333;0;;;17.71796667;;Telemetry;;0.473366783;1;;1;;20.71796667;
Oilfield;W1;Carbonate;01.12.2021;29.21987097;22.63167742;51.85154839;0;;;16.72407692;;Telemetry;;0.436470619;1;;1;;19.72407692;
Oilfield;W9;Carbonate;01.12.2016;0;0;0;0;;;;;;;0.294043093;1;;;;;
Oilfield;W9;Carbonate;01.07.2021;5.03;14.92948387;19.95948387;0;;;;;;;0.747989475;1;;;;;
Oilfield;W9;Carbonate;01.08.2021;5.554548387;16.7496129;22.30416129;0;;;71.1586;;Telemetry;;0.750963584;1;;1;;74.1586;
Oilfield;W9;Carbonate;01.09.2021;5.401666667;17.29806667;22.69973333;0;;;74.1438;;Telemetry;;0.762038321;1;;1;;77.1438;
Oilfield;W9;Carbonate;01.10.2021;4.592096774;15.41322581;20.00532258;0;;;73.5573;;Telemetry;;0.77045625;1;;1;;76.5573;
Oilfield;W9;Carbonate;01.11.2021;4.9471;16.68093333;21.62803333;0;;;78.5604;;Telemetry;;0.771264455;1;;1;;81.5604;
Oilfield;W9;Carbonate;01.12.2021;5.156870968;15.83116129;20.98803226;0;;;82.5282;;Telemetry;;0.75429469;1;;1;;85.5282;
Oilfield;W3;Carbonate;01.12.2016;0;0;0;0;;;;;;;0.384512084;1;;;;;
Oilfield;W3;Carbonate;01.07.2021;0;0;0;104.7096774;;;;188.1152;Telemetry;;0.704229344;1;;;1;;185.1152
Oilfield;W3;Carbonate;01.08.2021;0;0;0;105;;;;188.2818;Telemetry;;0.704229344;1;;;1;;185.2818
Oilfield;W3;Carbonate;01.09.2021;0;0;0;105;;;;187.58208;Telemetry;;0.704229344;1;;;1;;184.58208
Oilfield;W3;Carbonate;01.10.2021;0;0;0;105;;;;187.2822;Telemetry;;0.704229344;1;;;1;;184.2822
Oilfield;W3;Carbonate;01.11.2021;0;0;0;105;;;;187.2822;Telemetry;;0.704229344;1;;;1;;184.2822
Oilfield;W3;Carbonate;01.12.2021;0;0;0;105;;;;160.2828;Telemetry;;0.704229344;1;;;1;;157.2828
Oilfield;W4;Carbonate;01.12.2016;0;0;0;0;;;;;;;0.810884338;1;;;;;
Oilfield;W4;Carbonate;01.07.2021;0.998451613;112.6144839;113.6129355;0;;;35.7;;Telemetry;;0.991211814;1;;1;;38.7;
Oilfield;W4;Carbonate;01.08.2021;1.001806452;113.989129;114.9909355;0;;;31.3446;;Telemetry;;0.991287953;1;;1;;34.3446;
Oilfield;W4;Carbonate;01.09.2021;0.8529;107.2076667;108.0605667;0;;;29.0853;;Telemetry;;0.992107204;1;;1;;32.0853;
Oilfield;W4;Carbonate;01.10.2021;3.883096774;25.65745161;29.54054839;0;;;;;;;0.868550281;1;;;;;
Oilfield;W4;Carbonate;01.11.2021;0;0;0;0;;;;;;;0.868550281;1;;;;;
Oilfield;W4;Carbonate;01.12.2021;0;0;0;0;;;;;;;0.868550281;1;;;;;
Oilfield;W5;Carbonate;01.12.2016;0;0;0;0;;;;;;;0.917844016;1;;;;;
Oilfield;W5;Carbonate;01.07.2021;0;0;0;53.48387097;;;;187.9282;Telemetry;;0.803773332;1;;;1;;184.9282
Oilfield;W5;Carbonate;01.08.2021;0;0;0;53.74193548;;;;187.9282;Telemetry;;0.803773332;1;;;1;;184.9282
Oilfield;W5;Carbonate;01.09.2021;0;0;0;54;;;;187.86156;Telemetry;;0.803773332;1;;;1;;184.86156
Oilfield;W5;Carbonate;01.10.2021;0;0;0;54;;;;187.7616;Telemetry;;0.803773332;1;;;1;;184.7616
Oilfield;W5;Carbonate;01.11.2021;0;0;0;54;;;;188.06148;Telemetry;;0.803773332;1;;;1;;185.06148
Oilfield;W5;Carbonate;01.12.2021;0;0;0;54.16129032;;;;160.7724;Telemetry;;0.803773332;1;;;1;;157.7724
Oilfield;AQ;Carbonate;01.01.2017;0;0;0;0;;;;;;;1;1;;;;;
Oilfield;AQ;Carbonate;01.02.2017;0;0;0;0;;;;;;;1;1;;;;;
Oilfield;AQ;Carbonate;01.03.2017;0;0;0;0;;;;;;;1;1;;;;;
Oilfield;AQ;Carbonate;01.04.2017;0;0;0;0;;;;;;;1;1;;;;;
Oilfield;AQ;Carbonate;01.05.2017;0;0;0;0;;;;;;;1;1;;;;;
Oilfield;AQ;Carbonate;01.06.2017;0;0;0;0;;;;;;;1;1;;;;;
Oilfield;AQ;Carbonate;01.07.2017;0;0;0;0;;;;;;;1;1;;;;;
Oilfield;AQ;Carbonate;01.08.2017;0;0;0;0;;;;;;;1;1;;;;;
Oilfield;AQ;Carbonate;01.09.2017;0;0;0;0;;;;;;;1;1;;;;;
Oilfield;AQ;Carbonate;01.10.2017;0;0;0;0;;;;;;;1;1;;;;;
Oilfield;AQ;Carbonate;01.11.2017;0;0;0;0;;;;;;;1;1;;;;;
Oilfield;AQ;Carbonate;01.12.2017;0;0;0;0;;;;;;;1;1;;;;;
Oilfield;AQ;Carbonate;01.01.2018;0;0;0;0;;;;;;;1;1;;;;;
Oilfield;AQ;Carbonate;01.02.2018;0;0;0;0;;;;;;;1;1;;;;;
Oilfield;AQ;Carbonate;01.03.2018;0;0;0;0;;;;;;;1;1;;;;;
Oilfield;AQ;Carbonate;01.04.2018;0;0;0;0;;;;;;;1;1;;;;;
Oilfield;AQ;Carbonate;01.05.2018;0;0;0;0;;;;;;;1;1;;;;;
Oilfield;AQ;Carbonate;01.06.2018;0;0;0;0;;;;;;;1;1;;;;;
Oilfield;AQ;Carbonate;01.07.2018;0;0;0;0;;;;;;;1;1;;;;;
Oilfield;AQ;Carbonate;01.08.2018;0;0;0;0;;;;;;;1;1;;;;;
Oilfield;AQ;Carbonate;01.09.2018;0;0;0;0;;;;;;;1;1;;;;;
Oilfield;AQ;Carbonate;01.10.2018;0;0;0;0;;;;;;;1;1;;;;;
Oilfield;AQ;Carbonate;01.11.2018;0;0;0;0;;;;;;;1;1;;;;;
Oilfield;AQ;Carbonate;01.12.2018;0;0;0;0;;;;;;;1;1;;;;;
Oilfield;AQ;Carbonate;01.01.2019;0;0;0;0;;;;;;;1;1;;;;;
Oilfield;AQ;Carbonate;01.02.2019;0;0;0;0;;;;;;;1;1;;;;;
Oilfield;AQ;Carbonate;01.03.2019;0;0;0;0;;;;;;;1;1;;;;;
Oilfield;AQ;Carbonate;01.04.2019;0;0;0;0;;;;;;;1;1;;;;;
Oilfield;AQ;Carbonate;01.05.2019;0;0;0;0;;;;;;;1;1;;;;;
Oilfield;AQ;Carbonate;01.06.2019;0;0;0;0;;;;;;;1;1;;;;;
Oilfield;AQ;Carbonate;01.07.2019;0;0;0;0;;;;;;;1;1;;;;;
Oilfield;AQ;Carbonate;01.08.2019;0;0;0;0;;;;;;;1;1;;;;;
Oilfield;AQ;Carbonate;01.09.2019;0;0;0;0;;;;;;;1;1;;;;;
Oilfield;AQ;Carbonate;01.10.2019;0;0;0;0;;;;;;;1;1;;;;;
Oilfield;AQ;Carbonate;01.11.2019;0;0;0;0;;;;;;;1;1;;;;;
Oilfield;AQ;Carbonate;01.12.2019;0;0;0;0;;;;;;;1;1;;;;;
Oilfield;AQ;Carbonate;01.01.2020;0;0;0;0;;;;;;;1;1;;;;;
Oilfield;AQ;Carbonate;01.02.2020;0;0;0;0;;;;;;;1;1;;;;;
Oilfield;AQ;Carbonate;01.03.2020;0;0;0;0;;;;;;;1;1;;;;;
Oilfield;AQ;Carbonate;01.04.2020;0;0;0;0;;;;;;;1;1;;;;;
Oilfield;AQ;Carbonate;01.05.2020;0;0;0;0;;;;;;;1;1;;;;;
Oilfield;AQ;Carbonate;01.06.2020;0;0;0;0;;;;;;;1;1;;;;;
Oilfield;AQ;Carbonate;01.07.2020;0;0;0;0;;;;;;;1;1;;;;;
Oilfield;AQ;Carbonate;01.08.2020;0;0;0;0;;;;;;;1;1;;;;;
Oilfield;AQ;Carbonate;01.09.2020;0;0;0;0;;;;;;;1;1;;;;;
Oilfield;AQ;Carbonate;01.10.2020;0;0;0;0;;;;;;;1;1;;;;;
Oilfield;AQ;Carbonate;01.11.2020;0;0;0;0;;;;;;;1;1;;;;;
Oilfield;AQ;Carbonate;01.12.2020;0;0;0;0;;;;;;;1;1;;;;;
Oilfield;AQ;Carbonate;01.01.2021;0;0;0;0;;;;;;;1;1;;;;;
Oilfield;AQ;Carbonate;01.02.2021;0;0;0;0;;;;;;;1;1;;;;;
Oilfield;AQ;Carbonate;01.03.2021;0;0;0;0;;;;;;;1;1;;;;;
Oilfield;AQ;Carbonate;01.04.2021;0;0;0;0;;;;;;;1;1;;;;;
Oilfield;AQ;Carbonate;01.05.2021;0;0;0;0;;;;;;;1;1;;;;;
Oilfield;AQ;Carbonate;01.06.2021;0;0;0;0;;;;;;;1;1;;;;;
Oilfield;AQ;Carbonate;01.12.2016;0;0;0;0;;;;;;;1;1;;;;;
Oilfield;AQ;Carbonate;01.07.2021;0;0;0;0;;;;;;;1;1;;;;;
Oilfield;AQ;Carbonate;01.08.2021;0;0;0;0;;;;;;;1;1;;;;;
Oilfield;AQ;Carbonate;01.09.2021;0;0;0;0;;;;;;;1;1;;;;;
Oilfield;AQ;Carbonate;01.10.2021;0;0;0;0;;;;;;;1;1;;;;;
Oilfield;AQ;Carbonate;01.11.2021;0;0;0;0;;;;;;;1;1;;;;;
Oilfield;AQ;Carbonate;01.12.2021;0;0;0;0;;;;;;;1;1;;;;;
